profile,prediction_score,decision
0cc257c4-13e1-4da0-bdd1-fb5336bcbe19,-0.8008437062613666,0
cb5e2715-12c3-41a6-a48a-c32f47068990,-0.6541417002677917,0
360fcba2-0cf4-4782-b18c-e11e4129d6eb,-0.2801033973693848,1
e205fbd9-dbc3-40c5-aa25-bfed57c4a594,0.3195630966996153,1
ad452e1a-24b2-4cde-a27c-f910a8f14a8f,-0.9575023991721017,0
4b52a9fb-a648-439a-9ca7-455241249008,-0.631103515625,0
b7076b5a-ec44-448f-aa25-af3e5ee5fc8b,-0.29494638102395193,1
f94174ff-76d5-47bc-ae10-9994db6a74ec,-0.44100167070116314,1
61bb8494-9dcc-4bbf-9a7f-dcc4c9dbd1d4,-0.01411441111538027,1
ba6c0ce7-97ec-473d-b5ca-1f866fc59ab1,-0.5275667880972227,1
5d56576a-ca95-471d-bc94-c8f606072630,-0.3484973920775311,1
6e972a7f-cff4-4249-90b9-43a7fec67a29,0.23805343522690237,1
9e59b14e-4041-4250-b1c0-380ec95eab96,-0.43130093812942505,1
90abff8a-05e5-4c55-b10c-001fee76583a,0.27587233907543124,1
213988b7-28a4-4593-b358-cf6b52d5bab1,-0.18619298934936523,1
48abc807-6a52-4c36-b001-1372fc65b743,-0.6546209305524826,0
4f53434e-6792-4e71-bd0e-e6195b65ecfb,-0.03745513296841333,1
4f24753c-5b02-45d4-a1ef-66830527d452,-0.9999395211537679,0
65a23da7-0d51-45f8-8fa7-b75a66d06dff,-0.015398954413831234,1
ae7ac266-8c2d-4bd7-9ec0-51c4bce33d84,0.6109967146600995,1
fd021bb7-4859-4a0d-b53b-039d3d2de2a2,-0.0859474609605968,1
132b76f8-9477-46b9-b0c0-fcf4b6db7652,-0.3361731588840485,0
cb551850-1d10-4b1f-a078-74477ddb9c7a,-0.5446842046720641,1
9e698ee1-0202-43cb-9d55-f865487b1a74,-0.8138282790780067,0
274785ef-7497-4ead-9390-38ea9bf01965,-0.705276872430529,1
df7b9fae-a287-490f-bfd8-164f63663202,-0.3582857370376587,1
81bc6cd2-0274-432d-b1ef-19f7283f95e7,-0.9999997019767761,0
3f0a8bd8-21df-41f0-aba0-ce0f99cae717,-0.7175614193081856,0
572be017-5597-4fdf-84fb-8afa6e5187bc,-0.6845761303390775,0
a02807b4-1e8f-4152-ab1d-b9ac973d8738,-0.007855735719203949,1
7399e8e4-96e8-4144-8698-8df18e6989cb,-0.45956510677933693,0
e162705e-bb80-4674-9511-20674e89bbfd,0.34231400838221554,1
c70dc69a-428d-4d30-9b93-3dc13eedc83e,-0.5025008201599122,1
7236eb74-268e-4392-881e-5dd99987fe60,-0.9170129980359759,0
c52ae2d6-fad7-43fd-8c58-7497883ffff0,0.3022141933441162,1
81afc2a5-b855-4129-a71f-ff0ff7e2d923,0.3927025418462498,1
d9732977-fb4f-4eb4-8b53-ca9b4ed2305f,-0.015765608847141267,1
479e2f03-80c1-4823-8e8b-0eb311bd6890,-0.6231958125717938,0
d392fc6e-a95d-4cf7-921e-aca4c00e554b,-0.39317437931895255,1
e7507bd0-f5a1-4fec-8fd6-1b544115a8e0,-0.6727998171533857,1
3be1f891-3211-4153-90a3-e243ae2c5e38,-0.7685221344232559,0
3e81d06d-61da-4462-b41a-1ec4966cbb3d,-0.6454998329281807,0
d608336b-ce3f-4fee-b88b-97d0294b9fc3,-0.8086944036185741,0
371368d3-dd3f-44d8-af50-58f5982b88e7,0.9907370209693909,1
745fa0be-49fc-4baf-9dde-43407bd4e72b,-0.14871878283364431,1
ff1e3167-98dc-4610-a2d1-3cfe361a0fc6,-0.28948933258652687,1
8361b0bf-121f-435a-a561-e4de4cee37bc,0.2524232417345047,1
b0b03c6a-af9a-4496-a0ae-6ed3c279d261,-0.09724481616701398,1
4c4b74ea-cb30-4167-8024-83cb9a15ab70,-0.29358472655128154,0
db99f798-e66b-405c-9eaa-de631695e459,-0.4450898289680481,0
71d5f030-37bb-495f-9743-cb1cbc2b905b,0.7691491663455963,1
efc8dc38-49f5-4168-a515-9b553c2d705b,-0.3703516721725464,1
54552b6a-e655-49f2-820e-89866b426cfd,-0.6416129469871521,0
9325147f-e569-4c2f-9288-f2cd7cb0414b,-0.20466713993144886,1
cd167352-781b-4086-9ebe-60c76cd4bd67,-0.8409964740276337,0
7c72c943-8930-4b26-bb14-29857805343f,-0.5933143496513367,0
a9dfec87-2024-4c8b-a38b-abc637bafd60,0.73886359333992,1
48b4c9c6-3da8-473f-9257-23fd6f2adb1f,-0.5765129051038197,0
aa3c7782-3573-4c3d-ab5c-d76634e0a3c1,-0.2429821980851037,1
54bdd36e-aab9-4f55-bcb8-17db4a6cc8dc,-0.2015144800146421,1
3bfe167c-5701-4fde-9c22-302890cf64e6,-1.0,0
eee5b096-953b-414d-b817-1085b30537a9,-0.9942885190248489,0
fe2a650c-a36b-476e-a4ee-2462f72a8f39,-0.1979072093963623,0
bbb08c02-597e-4e75-b000-e82c4b90d6bf,-0.6059132397174836,0
4ca83ee2-1583-4c22-b773-f6710fd71ae9,-0.4987575650215149,0
d69a3109-80c9-4511-89b3-b98e334ec2ca,-0.607854163646698,1
cf57de99-1d72-49a4-b422-7234c6b3ab58,-0.1486112486038889,1
fdb52229-815f-447d-85d3-8e19d736e4b4,0.4214972138404846,1
99aa9f3c-8123-4b26-a1d2-2c51ae1e8bc0,0.2386655466897147,1
02c08e08-3235-4619-82b0-41f0561a49d7,-0.7352409703390939,0
e03d6d7c-e106-48f2-a722-9437a5bb604f,0.3736922230039324,1
f42ff01e-407b-4352-8cf2-629d0452fe91,0.009057328066167733,1
85beda5d-69bb-4a9a-a27a-ee530aaf9cb0,-0.49056833130972727,1
4f5fc934-f04f-44aa-aea4-585a0d0cc002,-0.9705880880355835,0
c2a907b6-558f-4a96-a53a-aefb38467923,-0.6023973822593689,0
beb16861-08ba-4e54-b84e-4428a715291b,0.15329874772578478,0
4ab68db6-5f57-425c-9442-1e8280e386f2,-0.7850561812520027,0
e6a00300-8b82-4a48-af5b-c645e1dc0179,-0.8034569855247226,0
789dad89-ede8-44fe-97c2-75d78addc123,-0.8302605629765561,0
b0d404f5-a9df-4e91-97d9-f7ee2141b461,-0.2922991573810577,1
2f2c3299-7581-4992-88f4-3377970a28ae,-0.4472931899363175,0
ad3d4728-df33-4709-9883-d10003a153cd,-0.6015799880027771,1
a302b743-f244-46e1-988a-0e4dde856575,0.10151361798246701,1
6ce062f9-3eca-42e6-95bd-393f3645e5f3,0.000889211893081665,1
eb3ab02c-9fc6-4c35-945d-4d1628b4f237,-0.28361318044231404,1
97713995-4546-4f14-8317-7b012fbd54cc,-0.9957242131233215,0
8523d8bf-a539-4027-8e37-5a6a3fd6c2a5,-0.9301545818646749,0
38a2f58b-dfec-4141-b0fd-5c6c09b57688,0.0298704132437706,1
2ca50722-7025-4fe2-ae5c-f30481e8c4e5,-0.2504231103562883,1
f044fd43-0ae2-4e73-b45c-03b4ac3e79a4,-0.08713115453720092,1
8ce8018e-0623-4482-8a51-55f35c0c3777,0.046187338729699455,1
3d40987c-5322-4627-9ce5-0c8950b8f1b3,-0.9589606642723083,0
bbf90ea0-aea1-47bb-84ea-78549e7ddb02,-0.3139565062842199,1
ecc0fb13-1121-44cc-b904-aebc2e9c2b6e,-0.8588658213615418,0
3c6b5f1c-a352-4e0f-994d-267efb45f7ba,-0.9983689188957214,0
b9f6817e-0d0f-4ab6-b507-4e333c3311b0,-0.3372383136302233,0
8b4c4ef1-f0ca-4234-ae09-45317cc1f12c,-0.999270784854889,0
74a80cf4-202c-47a4-9213-2fffbc501297,-0.17647646367549896,1
89151d2b-b49d-4f56-aa6a-3c5454ddbcb1,-0.6604874566197395,0
09a8ef44-9426-4708-9372-edd17bfe6419,0.30748921845640453,1
ec436bb2-1f6b-44fc-bf2b-b2c6170268c8,-0.34402545541524887,1
1cfae451-9f4b-40fb-81ec-13484c88ce3c,-0.5862210839986801,0
166e3c79-df47-4fbb-822e-b1c4e528d408,-0.5368717106369635,0
a2ebdf6e-d8c7-41f9-9feb-20a3c5913125,0.32887694808388396,1
39121c46-cc8d-47bd-8fa6-24972dceaf60,-0.8391570610304674,0
7800ee9c-0446-48c0-8b07-add9c7088cce,0.2924853600561619,1
661e7a09-94f4-42d2-8783-9253af569719,-0.9995008707046509,0
72e6f9db-2e0d-4205-b40a-84800be02523,-0.18784838914871216,1
f50e9d1b-9ccb-4127-a407-2240bc2d78c3,-0.6809260010719299,0
c9d8133a-253e-4dd5-b35e-86f7ae621603,-0.022368863224983215,1
dfcf992a-3361-4479-93d1-91a392350d08,-0.8663761377334595,0
ffaf1a5b-256b-4d8b-8439-39adfcfdb240,-0.3308125634988149,1
9f8be138-7b04-4cb3-bce2-a7aa1db26d35,-0.9328101021902901,0
df37c0ad-d125-4f4e-b287-264561109623,-0.18488869071006775,0
da54e71d-6e27-4dc5-be9e-eb9b24902ae2,-0.9997964203357697,0
ef0aedfc-19cf-4fa3-a51e-f868e5f06890,-0.8725636079907417,0
c056d1b0-5dd0-4ddb-9792-69058fe5e541,-0.9921278834342957,0
65aa6f07-caac-4a31-9960-c85ceae01e1e,-0.8571638408715704,0
b87791a9-917a-40aa-aacf-d9aa7690e9e3,-0.2637700289487839,0
8b0ef9ae-3a4b-4c24-bdd0-2bf23c5bf4e7,-0.818493223616055,0
9962aba4-6350-4c5a-9cd4-e277ee21efa4,0.0,0
e26d6d99-2ba0-4f12-8edc-0e334bcf506d,0.0,0
0f9b8564-4db0-4228-8558-7e45aaee32ae,0.0,0
0af87d55-32e3-4d43-a7b0-e986c86dd948,0.0,0
6c7b1ae6-4be6-4b5f-9a8e-f2fb44131e2f,0.0,0
8d291d8d-1c76-44b3-a418-cdba595daa1c,0.0,0
0c302914-d41c-46bc-9007-90a2e149afc8,0.0,0
d768b65f-86e3-4b64-9aa5-38d85f7d44a5,0.0,0
b2787086-3302-4e0c-97e6-aeec37c46c9f,0.0,0
fb9b17d9-fc89-4472-b4b0-97022e4b080e,0.0,0
279570d5-21e5-455f-8e38-79b5b6e5ef71,0.0,0
44ac444f-c012-4354-b5df-5ec8b678814e,0.0,0
65c8716c-9607-447d-8c5e-ea15ee51adc3,0.0,0
deb4846d-f9ca-4779-8bc9-dc1401f64b0e,0.0,0
d876d97a-713c-4a46-8a16-94bc3c317868,0.0,0
2f297de2-ca83-4ed5-a9e4-832df385ac3d,0.0,0
1aa74037-e63a-4223-934e-2125dedde93c,0.0,0
d8a1f6d9-7e63-4479-8d53-2d94bf873f3c,0.0,0
ca43a183-245c-4291-b99d-a609d2ab7ece,0.0,0
db82a2e6-3a25-412d-9ad4-3df77cc2788e,0.0,0
f0d92a6c-0f04-4b66-9832-61fc13a9299f,0.0,0
64558b67-7ae3-4c28-b096-0081aeac2861,0.0,0
06f0f455-69b4-4eb2-ba4d-5b2441803c4e,0.0,0
2c3f4ecd-e8ce-46df-8616-b14d7748c336,0.0,0
226468f6-a5d2-44c4-8c69-3ca5395024ee,0.0,0
7786b717-97ec-4713-b541-2b78d5846a83,0.0,0
76fc6c47-661d-4f6f-8085-5f61c0979a87,0.0,0
9d0875ed-b319-496b-b93a-c3fe0b31b98d,0.0,0
e445c704-49f5-4f6f-827a-dd0f3e8ca508,0.0,0
6c6584b7-bb3d-4797-8757-940bedc36ecd,0.0,0
93cb3de7-826c-463f-a239-8b37e637309a,0.0,0
da36997a-b33f-4f75-99af-074a178fb2d8,0.0,0
bf26ea09-8fb3-4ff1-a2e5-5a8ac78979a6,0.0,0
dd1707a7-f44f-4e55-8c2f-4505e8cb3841,0.0,0
4e9516f0-fea4-424c-8a30-bd9ba1ab70e3,0.0,0
65646004-2ac1-43ba-881c-6c2ee3028c7b,0.0,0
80504459-480f-483d-b71d-bca7b8fd5c69,0.0,0
44f9849c-dada-44f8-954d-c7d47051a531,0.0,0
8b8430e6-b270-4e37-9e9c-614ae35b6c9e,0.0,0
f1b650af-1b78-4ba4-947d-d1c4be6a3bb9,0.0,0
a0c0bb86-b520-4519-9149-23c1141916a1,0.0,0
c72bfffc-0047-44c2-96c8-d13cb0b96e3f,0.0,0
98cb5c35-23ac-4ac7-bd0a-77985f1f0181,0.0,0
ba3cf0fe-b177-488e-8a98-75bac5079400,0.0,0
09bb6620-ec3b-4743-981b-70eb0d697554,0.0,0
438f80cd-8bda-4640-ad33-d5ddb0920fca,0.0,0
8bfc0924-1769-4797-bdd6-7601c8d2e8e3,0.0,0
234be9af-a83e-4ee2-9805-4d66cc07c973,0.0,0
9917692e-d853-414d-bdda-ab52b2346abd,0.0,0
50ac4007-7eed-4342-b79d-c46ef49dbe90,0.0,0
04df5b0f-2beb-4d0d-a459-1880cddbc434,0.0,0
1681a648-9cfe-4c58-a2a1-f1f8e6243d31,0.0,0
5cc24384-ffdf-45be-b9a8-c98fee371352,0.0,0
5d52be03-cbf9-4e79-9f52-6cbe18ef017e,0.0,0
acb40ac7-62ab-4a45-b5aa-885cb385cf08,0.0,0
f50e6798-ea54-4a07-9b53-1b9a4bdd9360,0.0,0
38cdbe50-e6ea-4572-8b09-98eb984c40c7,0.0,0
e064e30c-d353-4f62-a329-f4e707341595,0.0,0
9daef16b-4a5c-4747-b9de-2c8f9d5f9f84,0.0,0
a976290d-c0f0-42eb-ba12-6f759c75b43b,0.0,0
88c13772-2e99-417c-af1c-6f5e1f09a589,0.0,0
85adef88-711b-4a2f-a925-a8fa96575a5c,0.0,0
be88d27e-d759-4f43-b37a-2c96625624b5,0.0,0
85d6cb1e-5906-47b3-97f2-6b7100e96917,0.0,0
64dec869-093d-41da-8383-434bbf5b1b27,0.0,0
d8513875-b0ff-4919-87f1-ca35b578f1dc,0.0,0
a53dac2c-f398-44d2-b5b3-c128261a86f0,0.0,0
a7582989-41a9-445e-9f34-7a9f733c383f,0.0,0
4893e287-df4c-4c28-bd4a-ccb8f7496ea1,0.0,0
3a2517c4-8af6-4637-9547-72a532ffb73c,0.0,0
4ff8a7a7-6792-4a89-94b4-875d1ca54b6c,0.0,0
264101f0-bece-4663-ae78-233049465515,0.0,0
6b5adf54-8a84-4cca-97b9-887617ad9022,0.0,0
1e190e0c-2ab9-4bbe-a437-1e4a8761408c,0.0,0
62086ed7-4e1e-474d-b38f-ad933523e09b,0.0,0
723c55d4-af9b-4e5d-bbb3-7b15118a6ffc,0.0,0
52dd1b81-c3ca-4ea1-a06d-aa6fe967d33b,0.0,0
e79fba25-675e-4d0d-b0a0-53289f721503,0.0,0
f68894ea-f40f-4bf7-9277-27f76c9c12fd,0.0,0
6a37e390-9d3c-4002-a553-2430903b3d01,0.0,0
540ace71-5bd2-4cbf-bd68-2930edad6e5b,0.0,0
7e550db5-28e3-4373-b9ea-f3f6ca2ba987,0.0,0
21841300-05c9-494a-8081-41f3bb8cd1b9,0.0,0
2446062c-89bd-46fe-b3f1-d28f32c6e7a9,0.0,0
ed673450-40d4-45bb-8d64-49035dda7c75,0.0,0
9aba4fb0-3555-4bf7-8e82-6a38656d476e,0.0,0
b4c018f0-5747-410e-88ad-076164a49c1a,0.0,0
e6c294c0-f1f0-4a26-8808-4c764d0473c8,0.0,0
53b932c0-e679-477d-b31d-d5560cf4961f,0.0,0
a8ebcfa9-1f99-4ce4-8d72-0503c6449739,0.0,0
0d6c0331-e361-4cba-b9ad-e13460c7b528,0.0,0
14b7a916-91d1-40a1-973c-5c16cf9e7ca2,0.0,0
32ab5926-c042-4569-ada7-e8a2585e64aa,0.0,0
cb3e1637-fa21-4c4f-8f8e-22ce451400c8,0.0,0
246f40e1-f11b-459d-88f9-e6339bfe294e,0.0,0
3fce86ef-8481-4894-afa9-e0c5695fabd6,0.0,0
06b9dc85-d17b-4db9-a4d9-2c847d959ff8,0.0,0
9b075576-253a-4842-bd98-acea4b715d33,0.0,0
8c85a375-9307-450c-92aa-067429d13324,0.0,0
0dabe2b5-edf9-4e7f-9860-c042635f9b97,0.0,0
f10d0e08-22a8-4b60-a684-2c6720b9eecd,0.0,0
9d07e287-80ce-4e63-bc2d-cde216f0e587,0.0,0
3d0d29a6-713c-41a0-b075-8f4527aefd96,0.0,0
335e823a-ef74-43a9-b592-c73e3dabb853,0.0,0
5ef50583-eb8c-40a5-ad76-0cc6ff115de4,0.0,0
b5893205-b1ff-4f6c-91a3-96824d002dd0,0.0,0
1c902af6-196c-4724-bd2a-df38af18799e,0.0,0
69ed0eed-3140-4cd0-a790-35f81f8b459f,0.0,0
dc8599e3-7d31-4c7e-a120-c40d82d0aad5,0.0,0
f9689128-aae0-4e81-9e85-713ac8e5d9bb,0.0,0
36a094ce-1b9c-42d9-995b-284a3768189c,0.0,0
da14c67a-7234-45aa-bd61-4bdf6ce5274e,0.0,0
c76512e8-d387-4904-b9ec-45f364637023,0.0,0
d5068ea6-391a-4151-9f40-a6f69259397a,0.0,0
bcb72059-afb2-4ef9-a6a0-5ba102c62153,0.0,0
f57738a6-2d84-415b-9201-cea55e59cb4c,0.0,0
d3347dea-36ac-4028-9160-f349ebd76d83,0.0,0
079657d6-5d2b-4bc6-b001-df227a129c79,0.0,0
4b9afde1-e2c1-4927-a406-b240e7ac9330,0.0,0
9364b10e-e45d-4cc9-a67d-aa29ca34761b,0.0,0
428715f5-4478-4ac3-8600-fd3045f284f5,0.0,0
54a303ba-1855-4a95-9fed-076a67282697,0.0,0
c887e831-f1fc-486d-b010-3d65721a8d19,0.0,0
49f71fe8-4011-4940-9e9e-083faa32bdb0,0.0,0
e0bf6e27-ac87-4726-af66-b32a49d474d0,0.0,0
f8304aa8-55e2-4afd-ae9c-d38453f224fa,0.0,0
d19def29-9f79-4dcc-b625-bc1381b2c4f4,0.0,0
2813414f-d200-44b4-a5b6-cb1f83ea71f5,0.0,0
c7415b18-17dc-4eb7-83ef-ae341725931a,0.0,0
8da5f5c8-15b8-44c8-821d-4fa26b31151d,0.0,0
4c6bcfb2-7d8e-40ba-b7d2-b61f9cebc215,0.0,0
c71ca0a1-41df-49d6-93b6-1052472f16c5,0.0,0
4cee2b2d-0c5e-4d74-924f-dbf6ee3fdc07,0.0,0
72f88a11-bcd8-426e-a367-f0835bfc143d,0.0,0
6aa2f7fa-2a99-4a71-a133-e501259f4a8d,0.0,0
0b17682e-98a0-41ba-86b7-18c226d312ca,0.0,0
1d94b1f0-660b-4305-9063-43c4f9a4ac36,0.0,0
d642968e-0ba3-426e-aa94-a2170f66e766,0.0,0
0ddbc874-5d42-412d-af6f-e78b3159ea67,0.0,0
1ef4d556-d185-482e-ba32-f86f16c5dafe,0.0,0
b8f5d5cd-22c7-44a9-bc93-579472b3ac6e,0.0,0
eaf274bb-45da-487c-8481-68bb6c238c0e,0.0,0
3b7a8ac3-922f-49ed-99b1-49663fd84318,0.0,0
ac9b4fbc-484a-4a6d-ae44-83cbcb6f391d,0.0,0
b49eb6cd-38a7-4bd1-9466-c64313fafda5,0.0,0
3090391a-db45-4d7c-8115-114db0acfb8b,0.0,0
4a71d476-e3dd-403d-a485-c0910bbae2ed,0.0,0
ac194991-d9df-4b18-b24e-0a9bcf6eaf8e,0.0,0
36d8f9fd-eb62-4a23-8a56-e3b61384350f,0.0,0
fc479881-835b-4d10-af3a-5fa5ca79d32b,0.0,0
cc7f44df-195a-4f8c-bb07-c652a6ceaf5a,0.0,0
8a1041d5-39f3-4ea6-8320-f86378aeb7cc,0.0,0
55dc0663-911d-49e1-88e0-790058eaf650,0.0,0
149cf64d-0a12-4d3e-bf3f-c4f438129475,0.0,0
f27ca648-a4d7-445e-a032-2fd24655f7ac,0.0,0
95b8cac5-d188-43ad-b120-3c6b151ca1b9,0.0,0
77bb9ef0-11a3-431a-b7b0-c2ec082f3243,0.0,0
2c11011d-3b47-4dbb-8b69-30544d28a367,0.0,0
0a5a2874-0b47-459d-abb7-6675b7d43b04,0.0,0
7250c74c-eb74-4f05-a502-4ba5c178ae0a,0.0,0
81bcc0d0-88d8-4b34-a553-767917b35d0e,0.0,0
150f6a4b-5a0f-4913-89a6-e4e8361daaaf,0.0,0
03a7ffd9-afa6-4322-bab0-2d6299e0efce,0.0,0
0acb282e-dabc-455c-a9ad-efcd79f444af,0.0,0
820c6c47-d3e6-479e-bbab-a90a8a56b245,0.0,0
94593bd9-c856-4415-bfc6-25f376a2dabe,0.0,0
8384a507-618a-4bbf-b1a7-4c1f93b5b3de,0.0,0
e5abaaaf-7e73-4576-a334-9df7c82f765c,0.0,0
218ba989-9381-4f47-98bc-d4a28a5410e5,0.0,0
6606ab7b-5f7a-4b88-84ff-08490cbc3670,0.0,0
4bbae883-761d-4760-a2bc-6c5f93195b7e,0.0,0
a0f84fcb-ef2b-45c2-88b6-185055639a3b,0.0,0
a438f5bb-5907-457b-b671-e732366f1033,0.0,0
5db1f139-2ed2-47ed-bf5b-093a1ea55875,0.0,0
80183144-1917-4a14-8642-5ab0d1b6acab,0.0,0
6cfc1242-988d-41f7-97fe-b32e54b0b150,0.0,0
671d3aee-7c1a-4f14-b81d-ed6d4ea5f768,0.0,0
2fd9ca38-83f8-43d6-99f0-794953fb403c,0.0,0
35ffd4e1-d099-46d8-983a-79dfc9568904,0.0,0
0cb65bda-7e62-4e66-9233-328103b134e1,0.0,0
bf92588d-1736-431e-b4e7-c03e6c957398,0.0,0
dbc75230-1ca2-434b-a9c8-fca14c166534,0.0,0
bd2f8c5f-d98b-41ae-b612-508693777d6f,0.0,0
596f7a42-70a5-4e65-a3f4-16f54b122374,0.0,0
31a20fe3-c26e-449f-b452-387dce9071ca,0.0,0
e5332708-823f-408c-8acf-eb63cd11b020,0.0,0
607768e0-2531-418d-b679-323e0562e42c,0.0,0
c8b29a15-0166-4a00-ae09-5028f2fcd3b4,0.0,0
ad4133bb-2f83-46d9-8020-4020f1424396,0.0,0
4e3b1e9e-1087-42df-9e28-282da848c060,0.0,0
879ad445-d54f-4020-9185-60b7846cf5e5,0.0,0
8adf6f4e-c59b-474b-948a-edca6a3aa900,0.0,0
3cb2aada-bf79-4904-91c2-0dbf78b722e9,0.0,0
538ebbcf-9a5e-445d-81c0-2bf6aa090897,0.0,0
a1b87b20-15a0-46eb-9977-5def8ae76a6e,0.0,0
9f0cdf5d-e4db-4ed8-876e-4db952b94b46,0.0,0
b04e10b6-3f8b-42aa-94b1-82515a98acd8,0.0,0
9e0caea7-1610-473d-8e02-8150df579cc5,0.0,0
f2d5dfed-3919-47a1-8d6f-a10fae9dc0ca,0.0,0
dcbe299e-2ed9-4e1f-a503-3f8a0da7b304,0.0,0
878a0e25-5654-4274-9f15-f3787b0c5bc7,0.0,0
ade3feea-01ff-4d99-832e-701ee113ebcf,0.0,0
48edde88-4e5f-4e6b-85d6-3a230b59391e,0.0,0
872439ba-da08-49e0-aeaf-e63a5efb4552,0.0,0
ccafe815-fc48-44ce-be74-c2c365bc8774,0.0,0
521eae14-9323-4ee6-8f51-adb5a8cc6382,0.0,0
ef716f5b-05bd-4bce-b5ae-17f93cf7f50b,0.0,0
b5c8cb6f-073e-42bf-95d5-cb9b2245a358,0.0,0
4e1029b3-ff12-4215-b935-a2b0a29e6f98,0.0,0
e60ffe92-d602-4a01-8330-e90a761e91b4,0.0,0
113601c8-df04-44e5-8112-2c3f98997da2,0.0,0
40e11b54-1772-47ef-ac1b-967c2ff7484f,0.0,0
9f415a9d-1864-46d4-8487-bd7f83b4b0ff,0.0,0
fc4d35a7-8ff9-4bed-a94d-4bbc114fa72d,0.0,0
cd72832c-90c2-40c6-9910-9b970f8aa9b4,0.0,0
300effd1-ca93-405a-84ca-f67e894f2bf9,0.0,0
08f74d63-06e4-4f92-ba15-926112c27b0e,0.0,0
24474dd4-66c8-456d-9fc7-8de646372758,0.0,0
138205ca-f1c0-4e40-b443-bd77b1048f68,0.0,0
6d4271ae-41f8-4164-a56d-bc10f78b29a9,0.0,0
edc66e6b-6e12-4a52-aa3f-e6ce72cfd424,0.0,0
7c308fa3-1c0b-4ca3-98f5-20be2a1af165,0.0,0
790603d2-a844-44ea-a864-5493028ed7c6,0.0,0
3f3967e2-56bf-4424-b244-44e93fc1aa17,0.0,0
6a3f3542-a7e9-47da-85e1-25f23865fddd,0.0,0
fd610b53-b6ed-4781-8923-5dc1c2f59351,0.0,0
73a4e315-db36-4d56-9b1f-57ba6f9a63d9,0.0,0
5f270b8e-2393-4a64-a96e-c846fa71fc5b,0.0,0
d08862d7-0c02-408c-8599-fc47c2e6e176,0.0,0
6218128a-e502-4b7a-bf40-f947bf150dd3,0.0,0
0d8e8d5d-3c5e-486c-94b3-529ba03e06e0,0.0,0
9f80cec6-6174-4450-904c-80c401477e29,0.0,0
de6da038-70c6-4b05-9371-eca9529a11f9,0.0,0
76eb84fb-320d-4b7f-a5a4-58f16d09e088,0.0,0
4e6c1ee6-233b-479b-a892-f73877079f44,0.0,0
6a2ee49a-d4b9-4865-8f30-5de90c4666ef,0.0,0
4058257e-dcba-42b0-a7c0-edbbecde878a,0.0,0
93cb6281-c9c4-4d87-9758-66d44355ceb2,0.0,0
bc975665-5d7e-4f54-992d-225fbab1ab5a,0.0,0
be3af0fd-17c7-4ba1-a49d-feec552d6a46,0.0,0
d82e2de7-a7bf-4e77-b270-03e3beea423a,0.0,0
f7447b85-8e60-4ead-8f49-69bb7ec92140,0.0,0
0f95fc65-415a-443e-995d-e11eaf35a18e,0.0,0
45815f16-aea9-458c-9f09-fe33f0845fe6,0.0,0
3e25db8a-5fa8-4fab-8de7-bc131a918d63,0.0,0
0b030083-e876-4fc9-9e09-c8bd8d38eb8a,0.0,0
041fb56b-a7bd-4bbf-ba18-ee8a92d1325f,0.0,0
25995e4c-fcc2-4b5d-ae11-f16a7b29cd4c,0.0,0
9c0b13bd-f614-43de-bca8-efaf5701dcb9,0.0,0
6afcc641-1994-4432-bcec-27215a1a5f5f,0.0,0
db6c5fe6-df68-40fa-92bc-bf3099af04f6,0.0,0
5f5c1516-3690-4f38-94e2-44d921642ebf,0.0,0
efff936d-9671-45a8-a38b-7ca368a3682c,0.0,0
ac8a17cf-5c40-4403-b7d9-cfda5605b470,0.0,0
74e54044-7714-4a39-8955-acfbf2a44faf,0.0,0
367cf953-3647-4a8f-8456-c9f6b8891430,0.0,0
e65c8ef6-b556-44ea-a499-bd2ebbb6c572,0.0,0
e8970f93-c10a-48f2-82c8-1f7f108a968c,0.0,0
aa67a21d-b5cb-435a-b103-d7d995a11592,0.0,0
81b4143a-276b-439d-9b97-f9e088a20a0b,0.0,0
e8adbe4f-d356-43d8-988e-0007a3599e6b,0.0,0
300056ad-2c95-4d32-8219-b672677a4bce,0.0,0
617e71d7-6296-4897-8ef6-9c84aadee1ff,0.0,0
803b393e-d769-405d-8656-8aa44d2de233,0.0,0
5ccfe566-3678-4fe1-b732-97c5a50dea82,0.0,0
4f4cc521-0b46-47fd-a6fb-9f99ed03add0,0.0,0
1abb65f0-5506-43b9-b27e-cf6474752fac,0.0,0
ccf55e81-d270-455c-be6e-64299a863c20,0.0,0
fc4ca60a-29aa-4b20-b6a7-bcb6a4d864e1,0.0,0
9c11426c-51aa-44db-b611-2d58fbf4262c,0.0,0
5464652e-cf16-47a0-b745-31f6338a652e,0.0,0
92fa4e8a-4c14-4d73-9374-323e9cbb7dbc,0.0,0
2749b9e2-82c7-47b8-80e3-cb606ef6da7b,0.0,0
f7a0e5f1-00e8-4ac1-9506-bb76f8fad86e,0.0,0
252262c3-c24a-42ad-8ab0-da1d28c24fa2,0.0,0
48060e3e-1b6a-433f-9c83-8daacc503b86,0.0,0
d1343c1d-b6d0-4ffc-9990-68b3f8aabe09,0.0,0
cfc05c2e-8bf2-42aa-99aa-6d27560f5204,0.0,0
208fd5c7-580f-46e6-a81b-b193e37e4b64,0.0,0
bc21dca2-072b-472b-8ddb-2a81c9d6ed11,0.0,0
51736ffd-5300-4822-8513-f93eb2c1f09a,0.0,0
efaa8f2a-de7f-44b4-a207-4ad947ebea96,0.0,0
32ca00ed-5c5e-4387-abb9-13e8e69376d6,0.0,0
f0195da1-f4f1-43af-8314-48bd4d1f7aeb,0.0,0
de1b8ba3-1e37-4abf-b742-0be06eb2e07b,0.0,0
f95701f6-0ae1-4dc6-984a-87e2732075ff,0.0,0
3f293b55-bb6c-4cff-a2a7-2d1493160436,0.0,0
2cb807d4-3022-44e7-874e-23425bfcc858,0.0,0
babee9ec-316b-4048-9f9b-a07200c15c38,0.0,0
32863df4-5200-4799-aba8-1102c72b77b8,0.0,0
3fc99d1f-9b66-455e-ae7f-2c76f8f77781,0.0,0
9684b060-b23c-49c4-af1c-6a675854b8f5,0.0,0
d02eb321-0ece-4aca-9932-919e70cabc42,0.0,0
9f119943-bf68-4caa-8385-bb421b65801a,0.0,0
67611d74-35b5-44e6-b53f-35a6e52e7aa3,0.0,0
32641124-f6f2-457e-a9e6-209b6795d50c,0.0,0
2c6426e4-a213-4c66-b119-33c5c0e53685,0.0,0
486b349b-d95d-47b5-8618-13d80b8397d5,0.0,0
20931585-f9a2-480a-a12f-5c6c6ab15168,0.0,0
3a85473f-8170-4ecb-805b-1d04bf887be7,0.0,0
147dec53-702c-402e-8d3e-729cf5409f51,0.0,0
29140586-7c63-4031-9fde-370efed26901,0.0,0
a244eb3a-d7bd-464f-b08b-8a2462a0aaa8,0.0,0
650ad699-97de-407d-bc16-05fc859e5ccf,0.0,0
694fa3b3-9506-414b-a3e2-f45993615b0f,0.0,0
742d8281-3017-4153-a314-a66e1b4bf02e,0.0,0
2fd388d8-dcb1-4621-9464-ce8cb2f9c5f2,0.0,0
b61b1947-e50f-44e4-a3ab-82aee9fabcaf,0.0,0
3bccede5-3c27-456d-b37f-69cf2681f9bc,0.0,0
a2a1babf-9ad7-4e3c-9354-abc220324742,0.0,0
9adeab22-8765-48ef-a87e-45797c947e04,0.0,0
7d5e5cfb-3e2f-4a2f-976b-a3ef036d9524,0.0,0
9446bc20-3543-42ba-9072-3e90b9ec1773,0.0,0
ee13eb3b-b99a-44e3-b4d8-1aa546935466,0.0,0
c99c767f-001b-4c1c-91b9-15bd10ea86c4,0.0,0
f9c1b595-4afc-4ad0-8815-d54249943087,0.0,0
8e2f94e3-2e61-41d2-acc4-720cd54e2f5b,0.0,0
5972148e-35e5-47d6-b91a-27fa482b80a2,0.0,0
097f6b73-d13c-40da-8fa6-4477ea37b9b7,0.0,0
f71bf454-dcd9-4b79-99f2-d9c451364c30,0.0,0
6dbd39a8-a89b-4493-a902-456bcd3dd7dd,0.0,0
56645174-7aa9-4b37-b173-1846b364c5c2,0.0,0
2afdd53b-d6e3-45dc-bfb8-7678c11ae022,0.0,0
ac226773-ff86-4f31-a4bb-e17fe7139424,0.0,0
0c3a3c59-2a5e-4bfa-a661-31143624c464,0.0,0
a94f7aa4-7cff-4522-aa88-95464bb4d4e3,0.0,0
2bbbd521-8aca-496d-a1fd-70f7a47da6eb,0.0,0
e1c0e1db-10e2-4814-b9d3-37ad88437418,0.0,0
ed1272f6-23ec-442b-bcec-0c23167f6086,0.0,0
4ac51775-422b-4799-b4f6-c0f8ab4df815,0.0,0
42e8f904-2c43-45b9-bdb0-c763abf2932b,0.0,0
32722684-3ff2-4c12-8803-c718ffd1e349,0.0,0
50687383-323b-485e-a521-736759168465,0.0,0
a010ab6c-4482-498b-8e9c-70a530657039,0.0,0
c368cc61-7db0-49c8-873d-a1f2dd570198,0.0,0
1a4c382b-bc10-48f6-9c64-b6be421566db,0.0,0
14279b46-9753-4ac5-a882-82912fea5225,0.0,0
4f4103ad-dfe6-490a-b1e3-0e283cf33ed0,0.0,0
c17706e8-4bc8-4d99-8b9c-7fc9bfb291bd,0.0,0
f14c99ad-554f-4cf6-9799-d5c305283b6b,0.0,0
92f73afa-400b-467c-aa69-f317801e5e20,0.0,0
dc8d81a9-581b-4d81-bd98-e7ca36bd747f,0.0,0
5c847dbd-387e-425a-bb6c-de701d37813e,0.0,0
0f6b49bc-fc83-4676-8220-bad69fb35c46,0.0,0
f19089f8-f54d-44d9-bfba-66657662d0ee,0.0,0
2c43aac2-6a9e-42ee-91b4-17529fcdf7e6,0.0,0
d2f78e92-c05b-4613-8add-b5550eb0166a,0.0,0
b6e65efe-13ea-40b2-ad30-a4fcd380befb,0.0,0
9b9d678e-48b2-4588-b4f5-209add2a1967,0.0,0
c262159d-4210-4217-b7c3-e49fc908844e,0.0,0
42ff9726-76f4-4d18-91e6-6bfec926c8b0,0.0,0
5b39f8f1-7509-491c-ac64-f4d2e0d9ae4f,0.0,0
86df512d-d5a4-4ba4-a143-752d8f3df288,0.0,0
0a475387-11f2-47fb-8593-adbee27c2be1,0.0,0
8d34f092-993a-4803-bf45-57ed111153a2,0.0,0
9e0f59bf-c2d1-4a66-a173-40b2793599af,0.0,0
532bddba-997c-4e9f-9be7-cd4bf556dc19,0.0,0
c113715e-cd6d-4d67-8ae3-e43653e886c0,0.0,0
9d3d6b23-d4c0-4169-aee0-c27c12d00360,0.0,0
d4fd08d8-e83d-4bb1-b2f1-959667b363da,0.0,0
5a652c39-9e18-48d7-a9d5-42130e9f0d8d,0.0,0
56899600-2787-4e7f-963f-b2cf4b0d6cea,0.0,0
8eba317c-b70b-4d6d-b3f5-3d3251102580,0.0,0
80dc3bc3-e362-42c3-8ac3-dcf384762a78,0.0,0
1aac81ac-a5d0-49eb-bc26-e7ce6ee93545,0.0,0
ae04c8ca-138e-49bb-ac73-b4de47aa660d,0.0,0
57e95caf-f7bf-49e3-80bb-0efd99eab7e4,0.0,0
0bd5a445-14e7-4684-add4-8a844900de0b,0.0,0
a6aa3c21-8647-4ff6-b4e9-39c3d45d38d0,0.0,0
d8d6b58c-8bed-427c-befe-55ce22408516,0.0,0
975a2ab2-d129-4a52-9a5e-28668c750072,0.0,0
9d1cb9dd-5772-4671-8af3-0266ff4dcc30,0.0,0
3b370a50-1ed5-4d0a-938a-9e402fd0f00f,0.0,0
08e17ca5-3370-4d01-b3a2-641c4b83e113,0.0,0
83eb3025-5f99-4a98-a205-afc398858b91,0.0,0
cae09e62-4cde-47d3-a1f4-cf39178469f2,0.0,0
17f60947-0e04-4752-90a1-781368d5d637,0.0,0
158700e6-88c4-4d90-8775-5fe366c276fb,0.0,0
841838c4-fd31-4997-a820-8e138f8b7ce0,0.0,0
4a9edc8f-8466-4227-a422-6a773a4ff5e7,0.0,0
df9c1bf0-a411-4beb-84ae-dda24118a6be,0.0,0
cc98164b-41ad-4785-87d2-74c2035d26e2,0.0,0
aecf758f-2707-4366-8491-bfbc9d59abf9,0.0,0
a075b3da-44cf-4458-b682-82bb6b173de4,0.0,0
23b9e143-6437-4ac3-a18e-62650fe77b59,0.0,0
36390b82-80bb-4e8a-9a44-be646169961b,0.0,0
062007dd-35d2-46d8-9b16-908dc1bbee14,0.0,0
36dccfcb-0dbc-43e9-b42d-17178b0a402a,0.0,0
e1439b83-0e20-4404-a475-9867b0126800,0.0,0
eea6e1fe-1be0-40aa-8bd3-2c56b6c87272,0.0,0
93e17b6b-13f7-48d6-8250-e477ec81065d,0.0,0
bec89411-12d6-4f98-81ff-411c1dc31b9d,0.0,0
6e20bf12-9621-4b4d-80ad-9c90a02168e2,0.0,0
0b6c505c-d557-4a9b-9f2f-94a5156db7b6,0.0,0
ce57cedc-1204-4c3c-99d0-b272d4c46a84,0.0,0
70fc2544-0659-4eed-95b0-41d77b7e092d,0.0,0
ea847385-92bb-4aa3-a754-f61242034dc6,0.0,0
e604bf64-a332-48e6-92a2-67abbe50b028,0.0,0
1abd70d3-80d8-4220-96fc-ae9c1fa71994,0.0,0
1b76e678-9d80-470c-8769-e1e4546b569c,0.0,0
9020b788-2fb1-4802-be30-c77fc7da22f5,0.0,0
605cc7cb-eae6-47ea-8694-c24f4310c7b3,0.0,0
89180898-c25d-413e-9ca4-8d84e0dbb536,0.0,0
0594bfb4-8457-4a6a-bdb6-eda85bbd60e2,0.0,0
402958bc-c01b-4597-a686-db76506aeb31,0.0,0
9c1392bf-0957-4c6d-add1-b304ecc0be4f,0.0,0
308b4d86-a7b3-4536-b7a7-76c6e2bfdc01,0.0,0
95337379-1198-4365-a460-d4cbc6fc5fd5,0.0,0
d437ee5f-29e6-4326-a660-e8cb411a9f79,0.0,0
83c550e4-6ba8-40c2-ba34-a13db899205d,0.0,0
aa64ea8f-bd9f-4337-8d5b-777d8cf66656,0.0,0
c9fd5778-84df-4cec-abbb-a25455c74b83,0.0,0
407c9974-80ac-4a15-810c-3dd66f40facc,0.0,0
c8e47b4e-1961-4fd9-8c5a-20b5feba978a,0.0,0
726ea59d-9837-4801-b210-16fb70fdf127,0.0,0
b03b1326-13dc-42ee-aaf8-8e8cbe578114,0.0,0
7594f7ec-2221-4e98-993d-42c06ac083d4,0.0,0
8acb7dfa-12ee-449c-9d3e-f1d0915d6f4f,0.0,0
d7590094-52b3-4f33-9411-67ba01e8281f,0.0,0
1846cf5d-a33f-4560-98f4-24d5ebf1ebd2,0.0,0
af8161f9-57b7-4aa1-a3c0-8f1e86e0d162,0.0,0
08fd4398-571a-4fe8-884c-29b7827ad06c,0.0,0
dee054b3-240a-43cb-9890-c68a8e835f92,0.0,0
df617446-81cd-46d4-b555-ac627f2ce42d,0.0,0
dea768d0-8995-4869-88d0-6d243edf91ac,0.0,0
50f1cb17-963e-429f-8dd8-777af2385eb2,0.0,0
3cfca244-33c9-4f11-baa1-e97cd520c465,0.0,0
1c6be05f-b481-4f8a-815c-368f3381feea,0.0,0
52ac80fd-afa7-4807-8c7c-c93e98b49e33,0.0,0
b39ab15a-22a1-4db8-a5a8-30f879dc6f36,0.0,0
f9158334-1665-48d7-8e4f-2293c8c182e3,0.0,0
609ae96b-eb8e-4b13-9e72-62a18b4448d9,0.0,0
b8b609b5-e3cf-4f86-9e63-71d34e41a2e6,0.0,0
0c2fde74-dac7-42ad-beaf-f5126284d8ef,0.0,0
32c106dd-814b-4331-a435-69b15a1fd220,0.0,0
44330eb0-c1c3-455c-8ee2-2527d143fb02,0.0,0
60ec77e7-d82e-4288-8180-0982ebafeb07,0.0,0
708b3d42-4723-4f42-8b7f-1278d6b683a7,0.0,0
8b555570-c66f-471f-b3a6-8db0fce51fa0,0.0,0
d6996212-2755-487a-9b7d-a827bf5b8c56,0.0,0
eb9e6f5f-4dbb-495c-a02b-4e13cd289c10,0.0,0
fdf15d0e-25e5-4731-9285-e424ebb0826c,0.0,0
4a37b2b2-6d83-4f4a-8694-ff71f41b5439,0.0,0
a5b09981-2523-4ac1-ae17-a8098361be90,0.0,0
7864da0b-94cf-45b5-afed-76c7e4d0a138,0.0,0
1c266735-e62d-49e1-90fa-7abd6e3c480c,0.0,0
1f018ad6-6f56-4ea5-a9d1-88b2e74799d2,0.0,0
c5b490cb-0cde-40b7-a376-59a2c683153f,0.0,0
44460457-e737-4898-bab7-ffc53049f671,0.0,0
7e15816b-e543-42a2-84b2-a385da47edb8,0.0,0
2734660e-1004-443b-bc81-99fe01596a75,0.0,0
d0a967a1-47ae-4b98-a330-a3a5f39aeeb1,0.0,0
448d76eb-0d7a-4d51-ae78-ae1f8bada9e9,0.0,0
08a184fc-0b5f-4836-bc8f-de26bee50349,0.0,0
df0207aa-ea0a-4302-8fb7-418f81454a00,0.0,0
aa220108-cf4a-4fe1-a11b-c9d22cdaa098,0.0,0
911bfd72-1a88-4cc4-97b9-96f8756f71b1,0.0,0
b9629012-4d0c-4916-a809-d988d86d32b6,0.0,0
6c2bcd02-7e93-4c7b-bbc6-fda41c7b368a,0.0,0
6e4a1f8f-b37e-4ffa-8d7b-25cf58f3dd73,0.0,0
4e4eb6b6-6abf-43f1-91e6-624b7dad8c3c,0.0,0
0aa7f42e-bf97-4abd-8ad5-1d1e5ae7cd38,0.0,0
2427ebcc-a7d8-4a23-9852-52c52a772391,0.0,0
70f6dc3e-e0d6-498c-9b8b-fbe50fe233f4,0.0,0
50e15dec-6903-4ad3-9c38-23481c2aaa4b,0.0,0
191ce477-7873-47b7-88bf-e5628b39812d,0.0,0
a559384e-3a95-48a4-b813-6d2ae4468f5c,0.0,0
0dab88bc-f82d-4de1-bb2a-a48496e32f5c,0.0,0
e99755a1-2445-4e22-8850-b47eeb2fb703,0.0,0
98be08a5-6016-411a-bfa9-f02dd75b563c,0.0,0
72fdb771-da99-48be-b5ad-1f269d1a5154,0.0,0
7b261486-31da-4061-aa96-7fd25cbd10c8,0.0,0
48d643e9-b189-43ab-b4df-a58169e9dfbb,0.0,0
6cbf4ba0-105f-4df5-8728-46503a38f0bc,0.0,0
7ed4fe77-e3b2-4327-a7b2-e3c5ce9c246c,0.0,0
e9365269-4492-404a-9d57-91372fec11a1,0.0,0
64cf5f85-5cc1-4f2a-8f9e-88ce7d3af088,0.0,0
d6ce389a-0c53-4e3c-a23c-c619280c3cde,0.0,0
38ee1979-c364-47b1-9426-a28103295b46,0.0,0
4d99988c-0b28-46bc-afc1-50d41e0c2a99,0.0,0
bb08e064-1a3e-4ced-92af-daae2bc97019,0.0,0
29f8791f-b2b5-45fa-9c6e-4230a271552e,0.0,0
4efde520-5790-4d1e-be24-6c3cae41498a,0.0,0
7c477fc8-fe06-4e42-acad-06349e06c0bd,0.0,0
f3205ab7-0e22-4b0a-ba33-69473c920802,0.0,0
4d3b247d-f76e-4088-a51c-a28d3195ed7f,0.0,0
89f46441-d6e9-441f-bcd6-c4c56e9396cb,0.0,0
a5c64dc4-1ec1-4945-8805-070b78982906,0.0,0
543a1134-a6e6-4787-941a-e1a078d09de9,0.0,0
22570513-0036-408e-8e5f-3eaf0ceda637,0.0,0
46333baf-899c-413f-b63a-b8fd053e93dc,0.0,0
551648f0-4f67-4337-84a9-2923fb0efeb5,0.0,0
1c7a8273-60c2-4c4c-930e-3b0af42f09c3,0.0,0
72e371f8-2aa9-44f3-9ec5-f9d7d2def232,0.0,0
102f610a-9558-43c4-8d1e-712feb604183,0.0,0
9de32daa-6335-45a6-88ca-9fa016825b79,0.0,0
12889a63-8fe4-47b1-a2ca-b4242592fd88,0.0,0
d8398d60-c158-4e94-a5b2-4857822d4fb3,0.0,0
95e3f4fd-88c7-4878-a749-00b14badd9d6,0.0,0
b66dc4fe-0735-432d-a3a1-3e4dfe30add6,0.0,0
7762506a-6c83-4f8a-9d9e-c4f5d058cd1c,0.0,0
710b6e03-6c98-46f0-933a-f4d760678bb9,0.0,0
eaaded35-3e99-4172-b105-a4fe241115c0,0.0,0
03c9f494-084d-4544-b9a7-070d97f1c78d,0.0,0
7cdc5ec2-e240-41be-8a9c-088dbe37ea11,0.0,0
589ea2f6-8249-4ed6-87fc-837cfd0ff3bb,0.0,0
cd2b1e4b-a706-41a9-b0b7-04bcfbd67c93,0.0,0
14e14270-aac4-4f75-911a-7802f2fab4ff,0.0,0
1fcc78b0-06b9-4c0b-a46c-28c7261daa28,0.0,0
a10552af-3a19-43a3-8c4f-a8e5a0258f3d,0.0,0
71c167cf-0398-4333-b4ec-adfee79c2935,0.0,0
0a2e4e8c-4ce0-4ca2-9449-753b2a403860,0.0,0
0e4029a0-5b97-48c4-b518-9cce545aa99f,0.0,0
cbb9430a-9b3c-4ef2-a025-4e1bd9178c1d,0.0,0
d58a4cfe-5e1f-4948-89ac-22241e09da55,0.0,0
4cac7abf-e104-4a49-9630-3b229a99d8eb,0.0,0
7a25e2ba-31ed-41a9-8ab6-fcedbf8f8db3,0.0,0
1fce2478-e695-4bc6-a22f-b42e1c86e843,0.0,0
e67ec6f5-ff4d-4e06-b13e-62e0ef43b600,0.0,0
405a6da2-0511-42fb-a9d8-5101459b9e8c,0.0,0
2872cd26-6be9-44e7-bc35-430da53ba156,0.0,0
d609e8f6-ee35-49bb-9010-009560bee7d3,0.0,0
39b565f3-1235-43f0-b984-1b248997aba2,0.0,0
97e377b0-2832-4df6-a7c4-ed9b30877b66,0.0,0
c7eb3fba-1ffe-43d9-ad57-b7a6e4315220,0.0,0
1a1d0790-937b-4002-bbea-cd584530c3f5,0.0,0
5a3a18f1-f72f-4017-b791-a534cb2e869f,0.0,0
3942da4e-d1bb-428a-9393-deeab4f8718a,0.0,0
7ecde53a-b132-4887-96b1-6f06bddbb334,0.0,0
19b890ab-7f40-4aca-b123-6dc4b49bcfb3,0.0,0
89f4278c-c2b0-4235-83e0-faf89b90f1f3,0.0,0
705b2a7b-3c9d-4dee-96b5-4e6c82225295,0.0,0
6ce8fa6b-7a4a-4e1a-a5c4-f3969880b9a2,0.0,0
d50872d1-055c-4e4c-90d1-6c293ded2870,0.0,0
0a2cc8dd-f6df-422b-9461-d6050a466a5d,0.0,0
b811d71b-70a9-4652-bf09-a7019aea7f05,0.0,0
3f4250ef-0c48-4724-a757-1473dc763a37,0.0,0
80a1fc46-7049-482f-910a-599ba57bd4cf,0.0,0
29fbfebf-36a0-4f04-9679-43a2532553a9,0.0,0
7edff218-8d06-47ce-9c57-c842821b3521,0.0,0
3223d3ed-93be-495a-807f-03d5af054808,0.0,0
34955433-64d7-49a1-a3b2-d36df32ecf46,0.0,0
daffbb84-1157-44b8-af88-2816f8486863,0.0,0
25320aaf-5a55-48f6-982d-f49defdd09f1,0.0,0
c7c8052a-bc84-4843-99c9-daea27d0a6f9,0.0,0
0c0f7d45-9598-4b52-9f22-68df7ae80a17,0.0,0
cb5a9a72-6573-49db-b68a-0fa9ae59ba4b,0.0,0
f04a51e1-0603-41fe-9489-f7a83feff9f6,0.0,0
2b5291fe-f2cd-4169-ab0d-5431a64ef3be,0.0,0
5e2db7ad-ded0-446c-aabb-b94f0513633f,0.0,0
34961fed-d2b8-4afd-b524-19745e6c2f32,0.0,0
9e4b123e-1d50-4fd9-9e8a-230dafd8602d,0.0,0
ca9daeaf-53f9-43fb-b81f-f18250b904e4,0.0,0
7dd74edd-355f-4de0-b57e-c744085b935e,0.0,0
b5d9db69-7e68-4d62-ada9-85f14ed0f471,0.0,0
28cc28b7-5f73-403b-a9bf-21b54ba800cc,0.0,0
fc8847b0-f47f-4072-a0a1-144d4cc3d24e,0.0,0
82ab3213-93c7-4ecd-b832-38830eea2dda,0.0,0
478c4567-c8da-490d-8c43-301dbfe6e980,0.0,0
f804277d-542c-481a-8c90-bdf3e87b08e5,0.0,0
c4e215e5-39dc-4783-b58a-1501237a9f32,0.0,0
5b0df9f5-2616-4204-a96a-147c537a86b2,0.0,0
36941cff-8652-41ed-a14b-f3c680985c5a,0.0,0
b8e4c7ec-a6a0-4de8-934c-18a7ac9245ba,0.0,0
f110f800-bfe2-4c72-934e-39b75292b08b,0.0,0
d157ce14-339a-46e5-adf7-7a00174503a2,0.0,0
a6477af1-9e46-4e27-9e95-a3165026eafa,0.0,0
4556aa6a-964a-405f-b4fe-970197ef6746,0.0,0
87c51476-d74e-461a-ab83-ed6855e0ddc4,0.0,0
37445475-3c3e-487a-b7b2-f268c5b29f94,0.0,0
5c1002fc-1fa4-46eb-a0af-2a28571cffc3,0.0,0
3762b391-194d-4a17-9f7a-3c746212dd7c,0.0,0
fd1c9c24-842b-462a-a892-4462b13c61d0,0.0,0
89458f9c-e6ff-47eb-b208-1969a69a4524,0.0,0
6529624a-b4f2-4d76-b1f0-41b0cb98dbe2,0.0,0
23fab7bd-ffe5-4563-9fd6-b43ea7ab1eb5,0.0,0
3efca9e3-757d-4373-a8cd-0e4ec1c05d93,0.0,0
fd067710-2d7d-405e-8591-52ad5881424a,0.0,0
fac49d07-3f8a-4427-a557-8684c804ca0a,0.0,0
7e4954a0-a8e4-4624-b735-863f70d3e53b,0.0,0
2837ede9-1043-40f3-87f8-8bf4dfc31c10,0.0,0
dcfe1b22-e280-41be-9fff-f2796560bedb,0.0,0
66e2075f-c8ad-44d8-a6df-b86d5d2fa545,0.0,0
9c4f3cd3-c1db-4e4d-8876-05d321bc9af7,0.0,0
25ea7bfc-69e6-4a31-a829-1ab750feb2fa,0.0,0
a6af4010-b364-4741-a02e-e78b71a59b12,0.0,0
d53dd0b9-688d-4d47-b4db-1ef8c63ca436,0.0,0
c234d4e1-e9a0-47ae-bb79-1667457cbc1e,0.0,0
98368d6c-3295-4b66-b14c-e6aab17eae57,0.0,0
0f56b61b-3f66-4c39-9ea3-b5d913a4d991,0.0,0
61647d84-f3f0-43d6-bebe-6c26ba27f786,0.0,0
c9ec1ee9-9ef4-4f85-b244-8f5003d26054,0.0,0
a2c7a3e4-42f5-49f5-b991-4d92d42fcd9f,0.0,0
814e06ed-5dd1-4f38-b6b0-564ca0afa2df,0.0,0
42844269-0696-4069-ac83-4c12dc834e9b,0.0,0
ec8a7637-95f0-4ce9-8464-4ee792bf445f,0.0,0
fad709eb-f68d-4828-89da-604efbc4087d,0.0,0
43dd1bea-e8e0-42b0-be4d-5fdb9f8518b2,0.0,0
f42c4443-bda0-46a5-8224-3e2c193c3ea6,0.0,0
b5c4a5fb-122f-4065-b63b-84f92cc8c2cc,0.0,0
760712bf-60ab-4400-93c7-cbb6e8b10a57,0.0,0
bea4f151-b223-4d3c-94f1-49b52d459e7b,0.0,0
6d3818d7-4d9c-492f-9302-1f173b886b28,0.0,0
7c51e552-a40c-40f9-b073-495b766b30be,0.0,0
eb91ae27-269b-4e4e-a8ce-3399ff423e0d,0.0,0
f2c078c2-182d-4a81-b54c-4e7dd4e5927b,0.0,0
028c342f-5e96-477d-9be8-68edd86f2948,0.0,0
60d37362-23f8-44a1-bfdf-1edf4ec5e499,0.0,0
eb2af7cf-77dc-4223-a470-da2026529429,0.0,0
100221ea-8baf-4d29-aa33-dbaaf63d386e,0.0,0
14cabc60-b20f-47ba-a5be-e4e3923c19b1,0.0,0
6a40d691-5886-4fad-9fda-9d69fd2078f7,0.0,0
fd30b009-6a3d-45e3-b3f2-c6006ac60aa5,0.0,0
bab098bb-5e7a-4049-89b3-5c088806fea6,0.0,0
d1eba3e8-7ce6-40e0-ba9e-cf444c345fdd,0.0,0
71344b6b-807b-48e5-8544-a6dd752338c8,0.0,0
20a4a3e0-d4b1-48d4-bdda-14b4767cbad0,0.0,0
f33d23b4-df2f-4ee1-a0cd-a94dc8f3a952,0.0,0
862dc9b4-d362-48d6-880c-ceae9be55804,0.0,0
a44de4da-bff6-4a83-8cf2-471b107dbdf5,0.0,0
4aed2f92-6854-43ba-9757-9e95170f2b06,0.0,0
9491c665-4141-48d0-8c4d-a9e75405306b,0.0,0
bcd8ab46-a282-45d4-94dd-ae8395f2e31a,0.0,0
70e352f0-22e7-474b-b432-b7184527d2e7,0.0,0
d8779a69-6a9e-4f2d-8097-aad3a4a6661c,0.0,0
62bbefb0-9eb5-4cc5-9949-2eefaf8b1d19,0.0,0
0052ee6b-eec5-4b8e-a0fb-6d302894eb3f,0.0,0
7d1712d0-e1a0-4bc5-9df3-efc208a23bdb,0.0,0
93d4764d-a855-4ac8-b1d9-0e7aa23f2cf5,0.0,0
467fdfbf-79a6-4d7d-9fc3-fc647b7e637e,0.0,0
aa0ed800-fe04-4860-b4e2-530b80814e1d,0.0,0
63e85635-02b2-40cc-ba08-4d4321975f96,0.0,0
04d904e7-8550-4c5d-9b4c-44e16c18634b,0.0,0
ee5ba488-9929-4561-a7bf-7f253e694644,0.0,0
8369f7b9-b67b-4a00-827f-1502deee99f3,0.0,0
997750ae-f423-4ccf-bb0b-10e8f12ca3bc,0.0,0
f0ec645f-cf20-4613-981b-00f29820c43d,0.0,0
48976ca3-32fc-4bb4-b00f-fa85d27d3a6c,0.0,0
9de48001-aa27-47a5-ad2f-14da6812f3b5,0.0,0
0fe7e659-61e6-4e7e-b04d-e033cb7065a0,0.0,0
d3b2d01e-bd14-4257-b752-ff41c7eb5e28,0.0,0
676ab336-3ed2-4c60-a902-b57a370e44ce,0.0,0
9f959dfc-7b33-4a7e-a6aa-c7803ef2bf26,0.0,0
68e12b5d-a1af-4e48-ace5-e0e5abe9af61,0.0,0
d558bc17-22ba-4357-987f-899a9126761b,0.0,0
b7c50a02-2852-47bf-86b2-ce6a57f3cc30,0.0,0
01f22c4b-1e3e-4c4a-92e1-7ffecf4952e3,0.0,0
9bb081e4-5639-4603-8e39-61c02cff2f79,0.0,0
959e7268-6592-409d-9e4e-0c953915e104,0.0,0
cf77ced5-e8a2-46eb-8378-420ec5f09f4c,0.0,0
685779e8-06f8-469e-8594-8bac6d9da77f,0.0,0
4a2a1cc6-736f-4596-a516-55fdeaf49c2c,0.0,0
c2f0075f-8425-4011-a3f6-71c8d080ccbd,0.0,0
0f41d347-3707-41c1-9073-b1bf45e44a43,0.0,0
233fba6a-60f0-47af-b0f6-35f473c5928e,0.0,0
be70116e-358b-4ee2-9cf6-7737f95c425d,0.0,0
cf02a02a-dfc1-4d49-a380-12e6ae16fb89,0.0,0
5a9f5029-7f30-49e5-ac9a-1766f2b992a0,0.0,0
3c492b94-5a50-4fa1-8fef-fa0555625a8b,0.0,0
dbbe4bda-7701-4d55-9106-32235b62bfe9,0.0,0
07f47980-5e86-4b88-b1bc-4548023f4953,0.0,0
0b788d22-36e4-447e-8732-b527271b38ee,0.0,0
c05e053e-d2f1-4302-9b48-6989161b3444,0.0,0
e911fa9b-f17d-4823-8675-6b3540743e2f,0.0,0
9f820545-b59a-4dda-acdf-a2496d96ccb5,0.0,0
fcddf3eb-d37c-42c7-b03d-368ab2664190,0.0,0
60f7a19b-87e6-4ef0-ac86-75bbea7bf926,0.0,0
2b95c79e-61d1-4be3-8c64-688139ebc35a,0.0,0
ff4a65b0-250d-4a9d-86de-f2eab397030c,0.0,0
f31dadf1-6ca9-483e-8853-8418c0bf4a23,0.0,0
18135b59-61b8-45cb-9a90-ab399c5213e7,0.0,0
eacf791d-ed68-4c55-bed4-5d93758b39f3,0.0,0
d847ec8e-3a75-4018-ad0c-3bdd673cb11d,0.0,0
d4a54fc2-2f6e-452e-8e56-45620e382b76,0.0,0
f0786fc1-ccab-45e6-a6a9-ffad4ea9c38f,0.0,0
85400751-cdaf-4dfb-8430-8d521d582707,0.0,0
002d97ec-a488-440a-8984-2c1b519f786c,0.0,0
ac66d304-4796-4b40-8f7b-5a15b75e46a8,0.0,0
03e8d0f3-8672-4238-8269-5af71d1e56c5,0.0,0
1e0e8100-4ffb-4d36-abc9-1db396b8f553,0.0,0
85c681e0-b5b0-4464-aaa0-defb6024acff,0.0,0
e892b7ae-d589-45d2-a8f5-26f6cd1128d0,0.0,0
52ab4b38-90f2-4061-a394-e502041af2fd,0.0,0
0ec29fc7-0f43-41d5-a0d2-46acc133d73d,0.0,0
922b9aa7-e40b-4e1e-9dfa-1e2e48e5cb5a,0.0,0
1cf820ce-151c-4f52-9b73-eef2ebd2c829,0.0,0
7f780230-69b7-4c6b-a4a2-3e8f458c3361,0.0,0
b9f70a81-dfdb-4b51-b6fe-7955bd591be1,0.0,0
0cd55eb1-9cdf-4fc4-a285-28a7b9821deb,0.0,0
469f71fd-c3aa-4b07-904d-4a0dee398707,0.0,0
6201e6e1-6ab7-446e-b59f-f572838bfa25,0.0,0
0bf56df0-1daf-415e-9ad0-676b64e8fdb9,0.0,0
08a545a3-6048-4d6b-af4c-500d76fe2f32,0.0,0
a5c95fb8-e245-4a9b-90d9-41d84838c79a,0.0,0
cb6529bb-6ebb-4ef6-9e3d-91c6a3901729,0.0,0
4e222ac2-5db3-4591-aacd-4a2a0697d2f9,0.0,0
08606cfa-b80a-48d3-bc2a-78edeacd6ee9,0.0,0
3a7f972c-a728-4d2e-a75b-62c0cc3eaab2,0.0,0
17e20478-6927-4bff-8b21-9be70b0d9af8,0.0,0
e26327e8-a1a7-41a9-bacf-2900879b172d,0.0,0
dcc04faa-a761-479d-95ee-c1244f082437,0.0,0
d62038dd-58d8-4964-abde-e066c39b41f9,0.0,0
6b939cf2-bbf7-48a4-9aec-de4f7d4b6973,0.0,0
8faacf10-0e15-4ba2-9b34-8398d002c249,0.0,0
a0473e77-9065-4cfc-af9c-3191d105142d,0.0,0
c3f3ff0e-60e0-4d20-a1d6-442318078cc0,0.0,0
7a9f112a-d5bb-408c-8da8-9274a2634765,0.0,0
58bdf824-6026-441d-976b-bd449b952fab,0.0,0
d361d3be-24b1-4d1c-ae61-c38e9e37d6b5,0.0,0
2b1dc27f-f5ea-4b23-aaf3-8727c675630a,0.0,0
aa0c65c1-3493-4a86-9ba1-0519a394cf40,0.0,0
76ada1b2-c97d-4814-8b4c-c7c0ff712bb4,0.0,0
747807ad-e349-49ca-944d-2185c4b73248,0.0,0
78b34e20-3894-4257-bdbf-774e6c39b9f4,0.0,0
96ec0d89-7358-4bc2-83ba-c600ea7521ce,0.0,0
10aa54da-98b2-4218-b796-ef97b5b59821,0.0,0
b5725620-bc9f-45c0-b406-3a59b88994b6,0.0,0
94670276-8873-4e83-8541-a8350a5bca61,0.0,0
97d516d9-c65b-4ea4-a4a9-4290374578ab,0.0,0
e69b5337-638f-4fa6-aa37-d36d3bfab25b,0.0,0
1ade0e73-98d7-4d53-935d-40558c1f8d27,0.0,0
1d92933a-c6c8-4a1f-99e8-e5843a3c46a2,0.0,0
8fe2db55-4e21-4468-a90b-9b98f0f3b5d1,0.0,0
7a767edb-6d03-4790-9424-e4c2a49fe772,0.0,0
3e2a7ecc-eb5a-4af0-99f5-1c6d4ec93752,0.0,0
259cd6c7-3264-41c7-971d-db0348dc6eac,0.0,0
fff9ce8f-9666-4c94-9254-fc34e5d98a4b,0.0,0
03e1aa93-0c7a-4147-b429-395ccaa7831e,0.0,0
f41d7706-587a-448c-ab2d-c3366fffff0c,0.0,0
a3fa7520-45fc-4d50-a32d-d84fcc448677,0.0,0
e7a839ea-7bee-42bd-a5c3-472d0e210419,0.0,0
f37cf7e9-1c43-48ee-9dae-aaadaff0bb1e,0.0,0
5a2abaaf-3717-4915-b7b2-b2b13ce69cc2,0.0,0
08bf1ae0-537c-41a4-903c-f33f2505b95d,0.0,0
e0d3ac73-d0f0-48d1-91b2-6c3f3b5c06a4,0.0,0
4863383e-471f-4a63-974f-aef3000aed94,0.0,0
4c739ef5-894b-4c6e-aa36-a97ef7cb6c7c,0.0,0
2e9b8f68-7bb4-46f8-b96a-0dd241469e4e,0.0,0
a6a2a575-f96b-48cc-ac40-b42527115df3,0.0,0
eb1942ea-b43d-471c-9f54-fc389ff59842,0.0,0
366e34a4-0f24-41f6-83e5-d475375302a6,0.0,0
6753cffb-491b-4fa0-a3b0-457c7e317e63,0.0,0
4379d902-39b8-4eee-84ae-d2302eb2afa2,0.0,0
e9c21019-0e20-4ad3-95e8-cb319272912f,0.0,0
49d0a5dc-f92f-4f50-972a-26163cf82d01,0.0,0
d22927ab-42d5-46d1-98e2-105c61b14735,0.0,0
27bd24dd-21cf-4c47-8327-9b707a5be9b5,0.0,0
3d44e67a-43f7-4a5d-8225-9c04de7deb55,0.0,0
098c124d-7f7e-4bee-ba19-f11b4cf6a3d7,0.0,0
cab53b79-9cdf-40f3-bd63-d3445030bb10,0.0,0
48f7fca1-42d7-4448-8b4d-d9a109e153e0,0.0,0
8d75f7c5-319a-45cf-9046-f31123a5fa55,0.0,0
c829f921-f0a6-47a6-8f53-616ad75025f1,0.0,0
33bb38ad-62ed-41a6-b878-1ac9a9fa80fd,0.0,0
225b3090-895d-4a89-bb96-350fc5f3e056,0.0,0
e698df45-5e95-4b06-93bb-971c5ce03145,0.0,0
02e7a83f-45a9-463f-b48b-7fc5f6b5e413,0.0,0
5db63a0a-787e-465a-aff9-ce8792c269e5,0.0,0
07cf6816-2f3c-4a61-8a8a-e7109ec9acb4,0.0,0
6c4f2472-bf1a-4390-94f3-a788f89ab998,0.0,0
85f8897b-62c5-4306-ab2b-e4cfe0e660d8,0.0,0
a299f827-2c48-400d-8904-4a76fd2b37e4,0.0,0
830ccbc8-b15f-48ba-ae06-430860ca0fc0,0.0,0
b4db104a-4d32-46b6-beb7-9f130d2f669f,0.0,0
f4f8a5c0-6829-4159-b329-b42fa4a2598d,0.0,0
a69bf674-bc68-44e3-8cee-c2eae1ee59fa,0.0,0
9b0070e1-4d10-40b6-807d-7fc25a46ea8c,0.0,0
5154465b-5c5f-4603-8f72-7838c1bbc5eb,0.0,0
66b532db-d4ef-4ff8-9287-19e23a99062b,0.0,0
e5f645eb-d9f5-4e51-b506-b58eb4e1457c,0.0,0
38e9f805-23fc-4272-85e7-a3ec31d8977b,0.0,0
09a57b61-0af9-4732-8131-df98c6304271,0.0,0
93c0f9a1-e3f9-47c0-8a5e-fdc32e6c0728,0.0,0
23456b81-9d14-4764-9128-b61c2e08a6ad,0.0,0
a3e29a2c-1190-4f06-a46b-ac706af9b55e,0.0,0
4aeeb53a-8079-4f0a-ba32-eca53f78a89d,0.0,0
072560e0-698e-4a98-bb7a-87890124d4e8,0.0,0
f8c7947c-4a1b-4f7e-a458-c6512654eba0,0.0,0
23b0e2a1-182b-404f-abda-e057ab5fd2a8,0.0,0
5b9fe818-fcca-4460-be7c-930ad409e722,0.0,0
a51100fe-0022-4633-aaf3-98dd8bd7f75e,0.0,0
ecefe07c-f370-4f65-9516-a3a6eb9f7b05,0.0,0
c8a6c304-0dec-480a-a13e-257fe47b2adb,0.0,0
4581c1dd-8ee7-45c6-9e2b-9c9acf916efe,0.0,0
5c2f771f-6b58-4204-b14f-6730ade5ab14,0.0,0
cd6426f3-b830-45eb-9504-3ac3060ecd56,0.0,0
d4bdcc8d-6c6a-4f77-9f0e-11352b972599,0.0,0
da804117-4da8-4a4c-b0d3-848160a43843,0.0,0
4e7022ad-38f3-43c6-9c4d-2e2e87da6dd6,0.0,0
09fd791a-e2a7-4e84-812e-bc23b7fd5ba3,0.0,0
8af28862-3cd9-469c-aeef-87864432779f,0.0,0
d4277d08-ab33-47f3-8733-ce7f8c765ca4,0.0,0
f8fee3c4-af3c-410b-ba06-afce2bfd004c,0.0,0
932b31dc-0e0d-46e8-b303-4aa021311569,0.0,0
61473e23-ef22-4b13-86da-7a11124ab6d1,0.0,0
d0604f06-bee8-4d59-9246-9ccec34ee670,0.0,0
0bd74e68-a02a-4103-974c-ebbd05cc1871,0.0,0
3755a7a6-6a72-4f14-b276-654126d32cd2,0.0,0
e5f5c897-0e7e-4896-bdcc-458cfc983721,0.0,0
7359af94-18e6-4abc-8e18-e61166f03d4b,0.0,0
9d04b809-c458-4bad-a059-a49df40d51ef,0.0,0
096d9ab4-4632-47c5-ab55-cbd39aaea2dd,0.0,0
12b148ef-c916-4d61-afd8-c51f74f64f74,0.0,0
7f7f5687-ed61-42c7-a71b-5c24a09c82b2,0.0,0
3579df41-1db1-4663-b744-2487ac7944c5,0.0,0
64593e38-f2b4-4da4-b85e-68ce75ea622a,0.0,0
e702ccd1-72db-4591-9985-e8f1276bce3b,0.0,0
fbb1fdff-d7b4-4144-88b0-3fa573c1f9b2,0.0,0
d240aec4-5b13-48cf-a6d6-948813f96771,0.0,0
2b5c02c8-e61f-48ed-a335-96ff27e17753,0.0,0
b6635fcb-542f-4f94-abb6-8acaa3eed1b8,0.0,0
870fd35d-3a9d-42dc-8bfe-ab3a8103e12b,0.0,0
9924deab-30c5-4290-943d-1ef37ea8f5f9,0.0,0
24d05a07-c5d8-4d11-86a9-346b288fd2f9,0.0,0
20dd1184-e899-4e34-8a38-56a01188d2fa,0.0,0
a8117519-b7bc-413a-8afe-acf9febc650c,0.0,0
f97b90b7-3047-4dde-9ce1-114e3b90cdf9,0.0,0
9014a766-2a34-45a0-ab3c-bb19da899576,0.0,0
0d1965fd-e489-4e43-a8f4-baa6c99c2fac,0.0,0
0ea48079-920e-436b-98d6-8f08b4d1b893,0.0,0
5fe988c5-1dd6-4a87-abdf-21747ee897ac,0.0,0
43a01e25-e6a6-42df-9668-ad2c26554938,0.0,0
2632e829-44d6-4b2c-8cec-91f777f98de6,0.0,0
6fafade3-c7c3-43fc-b2b0-b0c9fe2795ee,0.0,0
bc4aa728-693b-45a1-ac8d-322f583877e0,0.0,0
28a5abb9-b761-4a66-9bf3-09f1c3147b48,0.0,0
4540ddb4-d91d-40fc-8365-5be9078a8d4e,0.0,0
a36876a1-a0e2-409f-a52a-b45b90a8c3a0,0.0,0
50bf7fb4-2331-4aa7-8525-fcdd2957e0e0,0.0,0
dfdd2668-8c9b-401e-9eae-5a221599ede2,0.0,0
a76e0fc9-3019-4859-bd2a-f052e7b72d5f,0.0,0
bdd5688b-ae19-4bb0-85b1-1060bdfa5ec4,0.0,0
0cc3a321-d534-472c-8411-097a9d3b50d1,0.0,0
3cf0ad02-44ed-42f8-b020-f05257f196e1,0.0,0
7e08440c-bf62-486b-8061-8e0917ec0fc7,0.0,0
e268c46e-8d1c-4d43-b935-33db58c5815e,0.0,0
182ed82b-6e4f-401a-82bb-225b9cb65474,0.0,0
527c4e4b-89b8-48e2-8517-0e8828e16146,0.0,0
41ddc998-b0fa-4693-ba56-3503e6ebeab9,0.0,0
6d142e07-cfe1-461c-a7f3-6d7932a1ab89,0.0,0
279e25ef-bea3-4f5c-948d-afea52299851,0.0,0
71861280-b942-418e-80f6-a89d5b6c6b44,0.0,0
4f5c8305-09d2-4a8b-bffa-96c8f6624706,0.0,0
2022fb6c-d7b5-469a-ac6d-74595e872f41,0.0,0
9000f728-10a6-46ee-9835-eac6d3215adc,0.0,0
202e3f92-c20c-46dc-ad5d-70763c10410c,0.0,0
098556e0-4c5d-40d6-b3d3-413907b1c380,0.0,0
54661de9-8f65-4e7e-b0de-b38d01d2175f,0.0,0
971bd4ac-537e-4b80-8fa7-981a0ab45e36,0.0,0
037ceb4f-0451-409d-a032-303033fe23e4,0.0,0
e9170b1c-6443-41d2-9eb2-abab89587f6b,0.0,0
5c8aa4d1-4906-4ef0-bc4f-8b4ac2c939ff,0.0,0
344ad1c8-7973-4f69-a843-ed6c1a196b86,0.0,0
00961530-5fa6-48bb-8bc2-810a9aeb2b8a,0.0,0
248384bd-da9b-4bc1-847a-f803f107a625,0.0,0
48c73fe2-519c-4f67-ad00-d8c7be3325ee,0.0,0
6a0c0413-59db-408c-ab62-ee0f44405353,0.0,0
068dc7a8-dfd8-41c6-903c-6dd388706264,0.0,0
8b58bad7-4d3e-4031-9e64-8bd51697b0b3,0.0,0
59c316e5-1c0d-4e23-a2a7-349ceae4442c,0.0,0
e59a4e50-d223-40f8-a42a-af54cc8e69dc,0.0,0
a8df8e98-d93b-4a4f-8271-330d0980676b,0.0,0
c2a0523e-dd60-447f-ba9f-1a9a44f5ccdc,0.0,0
47cfeeb7-c8a7-4289-a4eb-ebd74172d8da,0.0,0
7ef32a2f-13c8-4ab6-9dc3-9bc6da4fb1f3,0.0,0
61d3a2a3-0db1-4649-a0b5-fad63f1cf464,0.0,0
e0f2e147-2ff7-4eac-86c6-59e5b4402b88,0.0,0
19db58d8-e26f-4ca5-8234-d2fcb619a1fc,0.0,0
0ab19d10-9323-4df6-8792-7593614cae25,0.0,0
71d72000-7855-4205-a856-b7de8221db5f,0.0,0
17ee00e0-c460-4426-a11a-f5ddee6c0992,0.0,0
bd347a23-5246-428f-8440-f344cd79547a,0.0,0
70821595-d0a8-4f2f-87c6-0bc3e9d658fa,0.0,0
2f22fbd7-f082-44d8-be47-4beafe2b79f5,0.0,0
e86fccbc-b139-4694-8dae-f68d78220f01,0.0,0
395e8afb-eff8-4708-94da-e29ea7a7d68b,0.0,0
8d580c96-fa6f-4bcc-a658-42d184dca0eb,0.0,0
59c80923-393f-4dbc-ae6b-6c05e58bf8a4,0.0,0
112ae95c-e910-45f8-820b-75ef79d47bbb,0.0,0
15b0c8c3-dc1c-4067-b048-644c1d2afa78,0.0,0
